Accession Number,Genus,Species,Strain,Location,Pvalue,Inoc Date,Date Frozen,Date Thawed,n Tubes Thawed,n Plates,Viable
1061,Flammulina,velutipes,IV - #58/1423,F8,7,12/5/2018,1/10/2019,1/11/2019,2,6,6
1061,Flammulina,velutipes,IV - #58/1423,F8,7,12/5/2018,1/10/2019,7/10/2019,2,6,6
1065,Fomes,fomentarius,I,F8,6,12/17/2018,1/10/2019,1/11/2019,2,6,6
1065,Fomes,fomentarius,I,F8,6,12/17/2018,1/10/2019,7/10/2019,2,6,6
1065,Fomes,fomentarius,I,F8,6,12/17/2018,1/10/2019,5/12/2021,6,2,2
1348,Tropicoporus,linteus,I,F8,3,1/2/2019,1/16/2019,1/17/2019,2,6,6
1348,Tropicoporus,linteus,I,F8,3,1/2/2019,1/16/2019,7/16/2019,2,6,6
1174,Ganoderma,lucidum,7400,F8,20,2/14/2019,2/25/2019,2/26/2019,2,6,6
1174,Ganoderma,lucidum,7400,F8,20,2/14/2019,2/25/2019,8/25/2019,2,6,6
1176,Ganoderma,lucidum,62451,F8,18,2/14/2019,2/26/2019,2/27/2019,2,6,6
1176,Ganoderma,lucidum,62451,F8,18,2/14/2019,2/26/2019,8/26/2019,2,6,6
1401,Pleurotus,ostreatus,PWOST,F8,15,2/14/2019,2/26/2019,2/27/2019,2,6,6
1401,Pleurotus,ostreatus,PWOST,F8,15,2/14/2019,2/26/2019,8/26/2019,2,6,6
1174,Ganoderma,lucidum,7400,F8,20,2/14/2019,2/25/2019,3/1/2021,1,6,6
1174,Ganoderma,lucidum,7400,F8,20,2/14/2019,2/25/2019,4/23/2021,1,3,3
1401,Pleurotus,ostreatus,PWOST,F8,15,2/14/2019,2/26/2019,4/23/2021,1,3,3
1176,Ganoderma,lucidum,62451,F8,18,2/14/2019,2/26/2019,4/30/2021,6,3,3
1401,Pleurotus,ostreatus,PWOST,F8,15,2/14/2019,2/26/2019,4/30/2021,5,3,3
1174,Ganoderma,lucidum,7400,F8,20,2/14/2019,2/25/2019,5/12/2021,4,2,2
1224,Hericium,erinaceus,II,F7,15,3/5/2019,3/19/2019,3/20/2019,2,6,6
1224,Hericium,erinaceus,II,F7,15,3/5/2019,3/19/2019,9/19/2019,2,6,6
1293,Lentinula,edodes,CS master,F7,6,3/5/2019,3/19/2019,3/20/2019,2,6,6
1293,Lentinula,edodes,CS master,F7,6,3/5/2019,3/19/2019,9/19/2019,2,6,5
1290,Lentinula,edodes,705 Solstice,F7,18,3/5/2019,3/18/2019,3/19/2019,2,6,6
1290,Lentinula,edodes,705 Solstice,F7,18,3/5/2019,3/18/2019,9/18/2019,2,6,6
1290,Lentinula,edodes,705 Solstice,F7,18,3/5/2019,3/18/2019,4/23/2021,1,3,3
1293,Lentinula,edodes,CS master,F7,6,3/5/2019,3/19/2019,5/12/2021,6,2,2
1459,Trametes,versicolor,I - Kamilche,F7,9,3/28/2019,4/15/2019,4/16/2019,2,6,6
1459,Trametes,versicolor,I - Kamilche,F7,9,3/28/2019,4/15/2019,10/15/2019,2,6,6
1044,Cordyceps,militaris,I,F7,6,3/28/2019,4/15/2019,4/16/2019,2,6,6
1044,Cordyceps,militaris,I,F7,6,3/28/2019,4/15/2019,10/15/2019,2,6,6
1198,Grifola,frondosa,158772,F8,8,3/28/2019,4/16/2019,4/17/2019,2,6,6
1198,Grifola,frondosa,158772,F8,8,3/28/2019,4/16/2019,10/16/2019,2,6,6
1008,Agaricus,brasiliensis,Hunan,F8,4,3/28/2019,4/17/2019,4/18/2019,2,6,6
1008,Agaricus,brasiliensis,Hunan,F8,4,3/28/2019,4/17/2019,10/17/2019,2,6,6
1198,Grifola,frondosa,158772,F8,8,3/28/2019,4/16/2019,4/23/2021,1,3,3
1459,Trametes,versicolor,I - Kamilche,F7,9,3/28/2019,4/15/2019,4/23/2021,1,3,3
1198,Grifola,frondosa,158772,F8,8,3/28/2019,4/16/2019,5/12/2021,5,2,NA
1459,Trametes,versicolor,I - Kamilche,F7,9,3/28/2019,4/15/2019,12/9/2021,1,4,4
1044,Cordyceps,militaris,I,F7,6,3/28/2019,4/15/2019,1/14/2022,1,3,3
1008,Agaricus,brasiliensis,Hunan,F8,4,3/28/2019,4/17/2019,6/29/2022,1,4,4
1008,Agaricus,brasiliensis,Hunan,F8,4,3/28/2019,4/17/2019,9/30/2022,1,6,6
1169,Ganoderma,applanatum,II- Duckabush,F8,4,5/8/2019,5/23/2019,5/24/2019,2,6,6
1169,Ganoderma,applanatum,II- Duckabush,F8,4,5/8/2019,5/23/2019,11/23/2019,2,6,6
1190,Ganoderma,oregonense,II - Meadow Lake,F8,12,5/8/2019,5/23/2019,5/24/2019,2,6,6
1190,Ganoderma,oregonense,II - Meadow Lake,F8,12,5/8/2019,5/23/2019,11/23/2019,2,6,6
1169,Ganoderma,applanatum,II- Duckabush,F8,4,5/8/2019,5/23/2019,4/23/2021,1,3,3
1169,Ganoderma,applanatum,II- Duckabush,F8,4,5/8/2019,5/23/2019,5/12/2021,5,2,2
1190,Ganoderma,oregonense,II - Meadow Lake,F8,12,5/8/2019,5/23/2019,6/29/2022,1,4,4
1409,Pleurotus,pulmonarius,I,F8,3,5/15/2019,5/23/2019,5/24/2019,2,6,6
1409,Pleurotus,pulmonarius,I,F8,3,5/15/2019,5/23/2019,11/23/2019,2,6,6
1221,Hericium,coralloides,HE/MD I,F7,12,5/15/2019,5/29/2019,5/30/2019,2,6,6
1221,Hericium,coralloides,HE/MD I,F7,12,5/15/2019,5/29/2019,11/29/2019,2,6,6
1365,Fomitopsis,betulina,NY St. Regis,F7,3,5/15/2019,5/29/2019,5/30/2019,2,6,6
1365,Fomitopsis,betulina,NY St. Regis,F7,3,5/15/2019,5/29/2019,11/29/2019,2,6,6
1354,Pholiota,nameko,I,F8,15,5/15/2019,5/28/2019,5/29/2019,2,6,6
1354,Pholiota,nameko,I,F8,15,5/15/2019,5/28/2019,11/28/2019,2,6,6
1221,Hericium,coralloides,HE/MD I,F7,12,5/15/2019,5/29/2019,3/1/2021,2,8,8
1409,Pleurotus,pulmonarius,I,F8,3,5/15/2019,5/23/2019,4/23/2021,1,3,3
1365,Fomitopsis,betulina,NY St. Regis,F7,3,5/15/2019,5/29/2019,5/12/2021,6,2,2
1221,Hericium,coralloides,HE/MD I,F7,12,5/15/2019,5/29/2019,11/1/2021,1,4,4
1373,Pleurotus,eryngii,I,F7,3,6/20/2019,7/2/2019,7/3/2019,2,6,6
1446,Stropharia,rugosoannulata,Franklin wine cap #8621,F7,3,6/25/2019,7/8/2019,7/9/2019,2,6,6
1013,Agaricus,brunnescens,Portobello,F6,3,6/25/2019,7/9/2019,7/10/2019,2,6,6
1446,Stropharia,rugosoannulata,Franklin wine cap #8621,F7,3,6/25/2019,7/8/2019,4/23/2021,1,3,3
1294,Lentinula,edodes,CW krcm 221,F7,15,7/25/2019,8/12/2019,8/13/2019,2,6,6
1114,Fomitopsis,officinalis,VI (6)- Cortes Carrington,F6,2,7/25/2019,8/13/2019,8/14/2019,2,6,6
1312,Lentinula,edodes,WW krcm 324,F7,16,7/25/2019,8/15/2019,8/16/2019,2,6,5
1012,Agaricus,brunnescens,I SA,F6,5,8/30/2019,9/11/2019,9/12/2019,2,6,6
1238,Hypholoma,capnoides,Elwha,F5,2,8/30/2019,9/24/2019,9/25/2019,2,6,6
1060,Flammulina,velutipes,III-1412 (white),F6,8,8/30/2019,9/11/2019,9/12/2019,2,6,6
1060,Flammulina,velutipes,III-1412 (white),F6,8,8/30/2019,9/11/2019,4/23/2021,1,3,3
1238,Hypholoma,capnoides,Elwha,F5,2,8/30/2019,9/23/2019,4/23/2021,1,3,3
1407,Pleurotus,columbinus,OST2,F5,14,9/24/2019,10/7/2019,10/8/2019,2,6,6
1268,Inonotus,obliquus,I,F5,15,9/24/2019,10/15/2019,10/16/2019,2,6,6
1268,Inonotus,obliquus,I,F5,15,9/24/2019,10/15/2019,2/26/2021,1,6,6
1437,Sparassis,crispa,I - B. Hotspring,F5,19,10/23/2019,11/18/2019,11/19/2019,2,6,6
1252,Hypsizygus,tessulatus,#25000,F5,3,10/23/2019,11/11/2019,11/12/2019,2,6,6
1265,Hypsizygus,ulmarius,UT #8207,F6,8,10/23/2019,11/11/2019,11/12/2019,2,6,6
1017,Cyclocybe,aegerita,I,F6,13,10/28/2019,11/25/2019,11/26/2019,2,6,6
1230,Hericium,erinaceus,VI- Olympia,F5,3,11/2/2019,1/2/2020,1/3/2020,2,6,6
1435,Schizophyllum,commune,I,F6,6,11/13/2019,11/25/2019,11/26/2019,2,6,6
1339,Morchella,sp,M29,F6,3,11/27/2019,12/6/2019,12/7/2019,2,6,6
1039,Coprinus,comatus,K08,F6,3,11/27/2019,12/22/2019,12/23/2019,2,6,6
1229,Hericium,erinaceus,V- White House (WH),F4,3,11/27/2019,12/12/2019,12/13/2019,2,6,6
1227,Hericium,erinaceus,IX- Maddocks,F6,3,11/27/2019,12/11/2019,12/12/2019,2,6,6
1226,Hericium,erinaceus,IV- NY Ave DC,F4,3,11/27/2019,12/12/2019,12/13/2019,2,6,6
1460,Trametes,versicolor,II - Garfield,F4,2,12/6/2019,12/16/2019,12/17/2019,2,6,6
1042,Cordyceps,militaris,Cordyzilla,F5,3,12/10/2019,1/2/2020,1/3/2020,2,6,6
1186,Ganoderma,oregonense,I,F5,11,12/11/2019,1/2/2020,1/3/2020,2,6,6
1177,Ganoderma,lucidum,34:D,F5,6,12/11/2019,12/16/2019,12/17/2019,2,6,6
1124,Fomitopsis,officinalis,XIII (13)- Federation St. Pk,F5,2,12/11/2019,1/2/2020,1/3/2020,2,6,6
1151,Fomitopsis,officinalis,XXXI (31)- Camano Island,F3,2,12/11/2019,1/3/2020,1/4/2020,2,6,6
1157,Fomitopsis,officinalis,XXXVI- Seaford,F3,2,12/11/2019,1/3/2020,1/4/2020,2,6,6
1159,Fomitopsis,officinalis,XXXVIII (38)- Lk Cavanaugh WA,F3,2,12/11/2019,1/3/2020,1/4/2020,2,6,6
1083,Fomitopsis,officinalis,East Tyrol,F4,8,12/19/2019,1/9/2020,1/10/2020,2,6,6
1135,Fomitopsis,officinalis,XLVII (47) - Rim Rock I,F3,2,12/19/2019,1/6/2020,1/7/2020,2,6,6
1106,Fomitopsis,officinalis,South Tyrol,F4,5,12/19/2019,1/6/2020,1/7/2020,2,6,6
1121,Fomitopsis,officinalis,X (10)- Hoh,F4,2,12/19/2019,1/6/2020,1/7/2020,2,6,6
1144,Fomitopsis,officinalis,XXIV (24)- Chinook Pass Hwy 410,F3,2,12/19/2019,1/6/2020,1/7/2020,2,6,6
1046,Ophiocordyceps,sinensis,CSC,F4,3,12/19/2019,1/7/2020,1/8/2020,2,6,6
1296,Lentinula,edodes,Jumbo 370,F3,3,12/19/2019,1/3/2020,1/4/2020,2,6,6
1306,Lentinula,edodes,TS #1,F4,9,12/19/2019,1/7/2020,1/8/2020,2,6,6
1209,Grifola,frondosa,PA/Oak,F3,3,12/19/2019,1/8/2020,1/9/2020,2,6,6
1370,Pleurotus,djamor,I,F3,12,12/19/2019,1/8/2020,1/9/2020,2,6,6
1370,Pleurotus,djamor,I,F3,12,12/19/2019,1/8/2020,8/17/2020,1,3,3
1144,Fomitopsis,officinalis,XXIV (24)- Chinook Pass Hwy 410,F3,2,12/19/2019,1/6/2020,1/14/2022,1,4,4
1370,Pleurotus,djamor,I,F3,12,12/19/2019,1/8/2020,9/30/2022,1,6,6
1246,Hypholoma,lateritium,I,F4,16,2/5/2020,2/17/2020,2/18/2020,2,6,6
1335,Morchella,esculenta,M18,F4,8,2/5/2020,2/12/2020,2/13/2020,2,6,6
1383,Pleurotus,ostreatus,CBOST,F3,18,2/7/2020,2/17/2020,2/18/2020,2,6,6
1003,Agaricus,bitorquis,Euro II,F1,26,2/7/2020,4/23/2020,4/24/2020,2,6,6
1316,Lepista,nuda,I,F2,16,2/7/2020,3/10/2020,3/11/2020,2,6,6
1022,Auricularia,nigricans,Hunan,F2,16,2/7/2020,2/21/2020,2/22/2020,2,6,6
1003,Agaricus,bitorquis,Euro II,F1,26,2/7/2020,4/23/2020,8/17/2020,2,6,6
1022,Auricularia,nigricans,Hunan,F2,16,2/7/2020,2/21/2020,8/17/2020,1,3,3
1003,Agaricus,bitorquis,Euro II,F1,26,2/7/2020,4/23/2020,9/30/2022,1,6,6
1022,Auricularia,nigricans,Hunan,F2,16,2/7/2020,2/21/2020,9/30/2022,1,6,6
1313,Lentinula,edodes,WW lager 12028,F2,10,2/10/2020,2/19/2020,2/20/2020,2,6,6
1305,Lentinula,edodes,SH 322 #3,F2,11,2/10/2020,2/24/2020,2/25/2020,2,6,6
1299,Lentinula,edodes,MM,F3,18,2/10/2020,2/19/2020,2/20/2020,2,6,6
1304,Lentinula,edodes,SH 1321 #2,F2,12,2/10/2020,2/21/2020,2/22/2020,2,6,6
1095,Fomitopsis,officinalis,MPVW,F1,4,2/26/2020,3/20/2020,3/21/2020,2,6,6
1134,Fomitopsis,officinalis,XLVI (46) - Sacramento,F2,2,2/26/2020,3/16/2020,3/17/2020,2,6,6
1155,Fomitopsis,officinalis,XXXIX (39) - Mud Bay,F1,2,2/26/2020,3/23/2020,3/24/2020,2,6,6
1145,Fomitopsis,officinalis,XXIX (29)- Capitol Forest,F1,2,2/26/2020,3/23/2020,3/24/2020,2,6,6
1137,Fomitopsis,officinalis,XV (15)- Ellinor,F2,3,2/26/2020,3/16/2020,3/17/2020,2,6,6
1080,Fomitopsis,officinalis,Chip,F1,3,2/26/2020,3/20/2020,3/21/2020,2,6,6
1088,Fomitopsis,officinalis,I- Morton,F2,3,2/26/2020,3/17/2020,3/18/2020,2,6,6
1079,Fomitopsis,officinalis,C/D,F2,4,2/26/2020,3/17/2020,3/18/2020,2,6,6
1140,Fomitopsis,officinalis,XVIII (18) #67318 (Ellinor),F1,2,2/26/2020,3/30/2020,4/1/2020,2,6,6
1309,Lentinula,edodes,W4,F2,6,2/26/2020,3/10/2020,3/11/2020,2,6,6
1140,Fomitopsis,officinalis,XVIII (18) #67318 (Ellinor),F1,2,2/26/2020,3/30/2020,1/14/2022,1,4,4
1145,Fomitopsis,officinalis,XXIX (29)- Capitol Forest,F1,2,2/26/2020,3/23/2020,1/14/2022,1,4,4
1095,Fomitopsis,officinalis,MPVW,F1,4,2/26/2020,3/20/2020,1/14/2022,1,4,4
1080,Fomitopsis,officinalis,Chip,F1,3,2/26/2020,3/20/2020,1/14/2022,1,4,4
1147,Fomitopsis,officinalis,XXVI (26)- Browns Creek,E7,2,5/5/2020,6/2/2020,6/3/2020,2,6,6
1153,Fomitopsis,officinalis,XXXIIIa (33a)- North Cascades II,E8,2,5/5/2020,5/28/2020,5/29/2020,2,6,5
1123,Fomitopsis,officinalis,XII (12)- Spider Lake,F1,2,5/5/2020,6/1/2020,6/2/2020,2,6,6
1154,Fomitopsis,officinalis,XXXIV (34)- Slovenia,F1,2,5/5/2020,6/1/2020,6/2/2020,2,6,6
1138,Fomitopsis,officinalis,XVI (16)- Boulder Creek,E8,3,5/5/2020,5/29/2020,5/30/2020,2,6,6
1115,Fomitopsis,officinalis,VII (7)- Dungeness,E7,2,5/5/2020,6/2/2020,6/3/2020,2,6,6
1156,Fomitopsis,officinalis,XXXV (35)- Slovenia II,E8,2,5/5/2020,5/29/2020,5/30/2020,2,6,6
1158,Fomitopsis,officinalis,XXXVII (37)- Gold Creek,E8,2,5/5/2020,5/28/2020,5/29/2020,2,6,6
1089,Fomitopsis,officinalis,IV (4)- Elwha,F1,3,5/5/2020,5/27/2020,5/28/2020,2,6,6
1116,Fomitopsis,officinalis,VIII (8)- #67318,F1,4,5/5/2020,5/27/2020,5/28/2020,2,6,6
1089,Fomitopsis,officinalis,IV (4)- Elwha,F1,3,5/5/2020,5/27/2020,1/14/2022,1,4,4
1116,Fomitopsis,officinalis,VIII (8)- #67318,F1,4,5/5/2020,5/27/2020,1/14/2022,1,4,4
1156,Fomitopsis,officinalis,XXXV (35)- Slovenia II,E8,2,5/5/2020,5/29/2020,1/14/2022,1,4,4
1122,Fomitopsis,officinalis,XI (11)- Selma,E7,2,5/20/2020,6/16/2020,6/17/2020,2,6,6
1139,Fomitopsis,officinalis,XVII (17)- Breit,E7,2,5/20/2020,6/12/2020,6/13/2020,2,6,6
1100,Fomitopsis,officinalis,Rattlesnake Ridge,E7,3,5/20/2020,6/16/2020,6/17/2020,2,6,6
1149,Fomitopsis,officinalis,XXVIII (28)- Liberty Larch,E8,2,5/20/2020,6/22/2020,6/23/2020,2,6,6
1090,Fomitopsis,officinalis,IX (9) - Mt Ellinor II,E7,2,5/20/2020,6/12/2020,6/13/2020,2,6,6
1084,Fomitopsis,officinalis,Emerald Forest,E8,4,5/22/2020,6/18/2020,6/19/2020,2,6,6
1152,Fomitopsis,officinalis,XXXII (32)- North Cascades I,E7,2,5/22/2020,6/26/2020,6/27/2020,2,6,6
1125,Fomitopsis,officinalis,XIV (14)- Mary's Point,E8,2,5/22/2020,6/22/2020,6/23/2020,2,6,6
1111,Fomitopsis,officinalis,V (5) - Cortes,E7,5,5/22/2020,6/26/2020,6/27/2020,2,6,6
1084,Fomitopsis,officinalis,Emerald Forest,E8,4,5/22/2020,6/18/2020,1/14/2022,1,4,4
1148,Fomitopsis,officinalis,XXVII (27)- Ellinor Lake,E7,3,6/22/2020,7/29/2020,7/30/2020,2,6,6
1150,Fomitopsis,officinalis,XXX (30)- Humboldt Willow Creek,E6,3,6/22/2020,7/29/2020,7/30/2020,2,6,6
1075,Fomitopsis,officinalis,Bagby Hot Springs,E8,1,6/23/2020,7/28/2020,7/29/2020,2,6,6
1102,Fomitopsis,officinalis,Rooke,E8,2,6/23/2020,7/28/2020,7/29/2020,2,6,6
1143,Fomitopsis,officinalis,XXIII (23)- Gunclub - Carrie,E6,2,6/24/2020,7/30/2020,8/1/2020,2,6,6
1126,Fomitopsis,officinalis,XIX (19)- Trudy Cortes I,E6,2,6/24/2020,7/30/2020,8/1/2020,2,6,6
1142,Fomitopsis,officinalis,XXII (22)- Near Gun Club,E6,2,6/26/2020,8/6/2020,8/7/2020,2,6,6
1127,Fomitopsis,officinalis,XL (40) - Goldmeyer Hot Springs,E7,3,6/26/2020,8/4/2020,8/5/2020,2,6,6
1146,Fomitopsis,officinalis,XXV (25)- #75,E6,3,6/26/2020,8/3/2020,8/4/2020,2,6,6
1141,Fomitopsis,officinalis,XX (20)- Trudy Cortes II,E6,2,6/26/2020,8/3/2020,8/4/2020,2,6,6
1127,Fomitopsis,officinalis,XL (40) - Goldmeyer Hot Springs,E7,3,6/26/2020,8/4/2020,1/14/2022,1,4,4
1131,Fomitopsis,officinalis,XLIV (44) - Cold Spring,E5,3,7/1/2020,8/6/2020,8/7/2020,2,6,6
1130,Fomitopsis,officinalis,XLIII (43) - Twin Lakes,E5,2,7/1/2020,8/6/2020,8/7/2020,2,6,6
1129,Fomitopsis,officinalis,XLII (42) - Turtlehead,E5,2,7/1/2020,8/7/2020,8/8/2020,2,6,6
1128,Fomitopsis,officinalis,XLI (41) - Powell River,E5,3,7/1/2020,8/7/2020,8/8/2020,2,6,6
1128,Fomitopsis,officinalis,XLI (41) - Powell River,E5,3,7/1/2020,8/7/2020,1/14/2022,1,4,4
1094,Fomitopsis,officinalis,Larson's Meadow II,E6,2,7/2/2020,8/12/2020,8/13/2020,2,6,6
1103,Fomitopsis,officinalis,Sanctuary,E6,2,7/2/2020,8/10/2020,8/11/2020,2,6,6
1097,Fomitopsis,officinalis,Nowak,E5,1,7/2/2020,8/10/2020,8/11/2020,2,6,6
1093,Fomitopsis,officinalis,Larson's Meadow,E5,4,7/2/2020,8/10/2020,8/11/2020,2,6,6
1112,Fomitopsis,officinalis,Vancouver Island,E5,4,7/2/2020,8/11/2020,8/12/2020,2,6,6
1133,Fomitopsis,officinalis,XLV (45) - Baker,E5,3,7/2/2020,8/11/2020,8/12/2020,2,6,6
1136,Fomitopsis,officinalis,XLVIII (48) - Taylor River,E6,3,7/2/2020,8/12/2020,8/13/2020,2,6,6
1132,Fomitopsis,officinalis,XLIX (49) - Spider Lake II,E6,3,7/2/2020,8/10/2020,8/11/2020,2,6,6
1133,Fomitopsis,officinalis,XLV (45) - Baker,E5,3,7/2/2020,8/11/2020,1/14/2022,1,4,4
1103,Fomitopsis,officinalis,Sanctuary,E6,2,7/2/2020,8/10/2020,5/26/2022,1,6,6
1228,Hericium,erinaceus,Richmond VA,E5,5,8/28/2020,10/2/2020,10/3/2020,2,6,6
1231,Hericium,erinaceus,VII- Priest Point,E8,3,8/28/2020,9/28/2020,9/29/2020,2,6,6
1232,Hericium,erinaceus,VIII- Rock MD,E4,2,8/28/2020,10/8/2020,10/9/2020,2,5,5
1222,Hericium,erinaceus,Hai,E5,2,8/28/2020,9/28/2020,9/29/2020,2,6,6
1223,Hericium,erinaceus,I,E4,22,8/28/2020,10/2/2020,10/3/2020,2,6,6
1108,Fomitopsis,officinalis,Terrace,E4,2,9/11/2020,10/8/2020,10/9/2020,2,5,4
1109,Fomitopsis,officinalis,Tiger Mountain,E4,1,9/11/2020,10/12/2020,10/13/2020,2,6,6
1107,Fomitopsis,officinalis,Spider Lake III,E4,3,9/11/2020,10/12/2020,10/13/2020,2,6,6
1086,Fomitopsis,officinalis,Hamilton Buttes,E4,1,9/11/2020,10/14/2020,10/15/2020,2,6,6
1104,Fomitopsis,officinalis,Skookum Flats,E4,1,9/11/2020,10/22/2020,10/23/2020,2,6,6
1109,Fomitopsis,officinalis,Tiger Mountain,E4,1,9/11/2020,10/12/2020,1/14/2022,1,4,4
1225,Hericium,erinaceus,III- MD,E3,2,9/29/2020,10/30/2020,11/1/2020,2,6,6
1175,Ganoderma,lucidum,52412,E4,22,10/9/2020,10/22/2020,10/23/2020,2,6,6
1178,Ganoderma,lucidum,La Gardin,E3,3,10/9/2020,10/30/2020,11/1/2020,2,6,6
1179,Ganoderma,lucidum,LH-1,E3,14,10/9/2020,11/3/2020,11/4/2020,2,6,6
1180,Ganoderma,lucidum,Maryland,E4,2,10/9/2020,10/29/2020,10/30/2020,2,6,6
1181,Ganoderma,lucidum,UJ,E4,26,10/9/2020,10/29/2020,10/30/2020,2,6,6
1058,Flammulina,populicola,NC,E3,18,10/22/2020,11/4/2020,11/5/2020,2,6,6
1056,Flammulina,filiformis,FP I,E3,9,10/22/2020,11/3/2020,11/4/2020,2,6,6
1045,Cordyceps,militaris,Mycosymbiotic,E3,2,10/22/2020,11/23/2020,11/24/2020,2,6,6
1047,Ophiocordyceps,sinensis,franklin #8227,E3,2,10/22/2020,11/4/2020,11/5/2020,2,6,6
1005,Agaricus,bitorquis,Q III,E2,3,10/29/2020,12/1/2020,12/2/2020,2,6,6
1326,Chlorophyllum,rhacodes,II-Kamilche,E1,19,10/29/2020,1/11/2021,1/12/2021,2,6,6
1002,Agaricus,bisporus,II SA,E2,8,11/6/2020,12/1/2020,12/2/2020,2,6,6
1015,Agaricus,lilaceps,I,E2,19,11/6/2020,12/10/2020,12/11/2020,2,6,6
1019,Agrocybe,praecox,Casino-Freeway,E2,2,11/6/2020,12/1/2020,12/2/2020,2,6,6
1020,Agrocybe,sp,Tatoosh,E2,4,11/6/2020,12/16/2020,12/17/2020,2,6,6
1021,Armillaria,mellea,Colo,E2,2,11/6/2020,12/10/2020,12/11/2020,2,6,6
1033,Calvatia,cyathiformis,I,E1,2,11/12/2020,1/4/2021,1/5/2021,2,6,6
1031,Calocybe,indica,Aloha,E2,3,11/12/2020,11/30/2020,12/1/2020,2,6,6
1036,Coprinus,comatus,FB-2,E2,2,11/12/2020,12/1/2020,12/2/2020,2,6,6
1038,Coprinus,comatus,I,E3,17,11/12/2020,11/25/2020,11/26/2020,2,6,6
1035,Coprinus,comatus,Eastside,E3,2,11/12/2020,11/25/2020,11/26/2020,2,6,6
1037,Coprinus,comatus,Georgia Pacific,E3,2,11/12/2020,11/30/2020,12/1/2020,2,6,6
1000,Agaricus,augustus,I,E1,13,12/1/2020,12/21/2020,12/22/2020,2,6,6
1018,Cyclocybe,parasitica,Aloha,E1,4,12/1/2020,12/17/2020,12/18/2020,2,6,6
1041,Tolypocladium,capitatum,Cortes,E1,12,12/2/2020,1/11/2021,1/12/2021,2,6,6
1055,Fistulina,hepatica,I,E1,2,12/2/2020,1/4/2021,1/5/2021,2,6,6
1057,Flammulina,filiformis,I,E2,9,12/2/2020,12/17/2020,12/18/2020,2,6,6
1059,Flammulina,populicola,TELL-II,E2,2,12/2/2020,12/16/2020,12/17/2020,2,6,6
1068,Fomes,fomentarius,U of Virginia,E1,4,12/2/2020,12/22/2020,12/23/2020,2,6,6
1066,Fomes,fomentarius,Mass,E1,2,12/2/2020,12/21/2020,12/22/2020,2,6,6
1063,Fomes,eberhartii,I,E1,2,12/2/2020,12/22/2020,12/23/2020,2,6,6
1069,Fomes,fomentarius,Vancouver,E1,3,3/24/2021,4/12/2021,4/13/2021,2,6,6
1067,Fomes,fomentarius,Norway,D8,2,3/24/2021,4/12/2021,4/13/2021,2,6,6
1176,Ganoderma,lucidum,62451,D8,8,4/6/2021,4/23/2021,4/26/2021,2,6,6
1293,Lentinula,edodes,CS master,D8,4,4/6/2021,4/26/2021,4/28/2021,2,6,6
1034,Clitocybe,odora,I,D7,1,4/6/2021,5/12/2021,5/14/2021,2,6,6
1401,Pleurotus,ostreatus,PWOST,D8,8,4/9/2021,4/23/2021,4/26/2021,2,6,6
1198,Grifola,frondosa,158772,D8,4,4/9/2021,4/30/2021,5/3/2021,2,6,6
1365,Fomitopsis,betulina,NY St. Regis,D8,2,4/9/2021,4/30/2021,5/3/2021,2,6,6
1174,Ganoderma,lucidum,7400,D8,15,4/12/2021,4/26/2021,4/28/2021,2,6,6
1348,Tropicoporus,linteus,I,D7,2,4/12/2021,5/4/2021,5/12/2021,2,6,6
1190,Ganoderma,oregonense,II - Meadow Lake,D7,11,4/12/2021,5/4/2021,5/12/2021,2,6,6
1224,Hericium,erinaceus,II,D7,4,4/12/2021,5/6/2021,5/12/2021,2,6,6
1169,Ganoderma,applanatum,II - Duckabush,D8,3,4/16/2021,5/3/2021,5/6/2021,2,6,6
1065,Fomes,fomentarius,I,D8,5,4/16/2021,5/3/2021,5/6/2021,2,6,6
1268,Inonotus,obliquus,I,D7,14,4/16/2021,5/6/2021,5/12/2021,2,6,6
1290,Lentinula,edodes,705 Solstice,D7,15,5/14/2021,6/1/2021,6/3/2021,2,6,6
1417,Metacordyceps,chlamydosporia,123,D6,1,5/14/2021,6/8/2021,6/10/2021,2,6,6
1435,Schizophyllum,commune,I,D7,5,5/14/2021,6/1/2021,6/3/2021,2,6,6
1435,Schizophyllum,commune,I,D7,5,5/14/2021,6/1/2021,6/10/2021,1,4,4
1417,Metacordyceps,chlamydosporia,123,D6,1,5/14/2021,6/8/2021,3/16/2022,1,6,6
1435,Schizophyllum,commune,I,D7,5,5/14/2021,6/1/2021,6/29/2022,1,4,4
1446,Stropharia,rugosoannulata,Franklin wine cap #8621,D6,2,5/17/2021,6/8/2021,6/10/2021,2,6,6
1061,Flammulina,velutipes,IV - #58/1423,D7,6,5/17/2021,6/1/2021,6/3/2021,2,6,6
1335,Morchella,esculenta,M18,D6,7,5/17/2021,6/3/2021,6/7/2021,2,6,6
1373,Pleurotus,eryngii,I,D7,2,5/21/2021,6/3/2021,6/7/2021,2,6,6
1409,Pleurotus,pulmonarius,I,D6,2,5/21/2021,6/8/2021,6/10/2021,2,6,6
1425,Wolfiporia,cocos,I,D6,2,5/21/2021,6/15/2021,6/16/2021,2,6,6
1426,Wolfiporia,cocos,II,D7,2,5/21/2021,6/3/2021,6/7/2021,2,6,6
1409,Pleurotus,pulmonarius,I,D6,2,5/21/2021,6/7/2021,12/9/2021,1,4,4
1299,Lentinula,edodes,MM,D6,17,6/1/2021,6/15/2021,6/16/2021,2,6,6
1383,Pleurotus,ostreatus,CBOST,D6,15,6/3/2021,6/15/2021,6/16/2021,2,6,6
1051,Cryomyces,antarcticus,CBS 116301,D5,1,6/7/2021,8/4/2021,8/6/2021,2,6,5
1339,Morchella,sp,M29,D6,2,6/10/2021,6/28/2021,6/30/2021,2,6,6
1013,Agaricus,brunnescens,Portobello,D6,2,6/15/2021,6/28/2021,6/30/2021,2,6,6
1000,Agaricus,augustus,I,D5,13,6/29/2021,7/26/2021,7/29/2021,2,6,6
1039,Coprinus,comatus,K08,D5,2,6/29/2021,7/26/2021,7/29/2021,2,6,6
1085,Fomitopsis,officinalis,Fairy Creek,D5,1,7/15/2021,8/4/2021,8/6/2021,2,6,6
1085,Fomitopsis,officinalis,Fairy Creek,D5,1,7/15/2021,8/4/2021,1/14/2022,1,4,3
1088,Fomitopsis,officinalis,I- Morton,D5,1,7/20/2021,8/16/2021,8/18/2021,2,6,6
1089,Fomitopsis,officinalis,IV (4)- Elwha,D5,2,7/20/2021,8/16/2021,8/18/2021,2,6,6
1074,Fomitopsis,officinalis,Anvil Lake BC,D4,4,7/21/2021,8/23/2021,8/24/2021,2,6,6
1091,Fomitopsis,officinalis,Kitsap,D5,2,7/21/2021,8/16/2021,8/18/2021,2,6,6
1133,Fomitopsis,officinalis,XLV (45) - Baker,D4,2,7/21/2021,8/23/2021,8/24/2021,2,6,6
1136,Fomitopsis,officinalis,XLVIII (48) - Taylor River,D4,2,7/21/2021,8/17/2021,8/19/2021,2,6,6
1132,Fomitopsis,officinalis,XLIX (49) - Spider Lake II,D3,2,7/21/2021,8/23/2021,8/26/2021,2,6,6
1131,Fomitopsis,officinalis,XLIV (44) - Cold Spring,D4,2,7/21/2021,8/17/2021,8/19/2021,2,6,6
1112,Fomitopsis,officinalis,Vancouver Island,D4,3,7/21/2021,8/23/2021,8/24/2021,2,6,6
1076,Fomitopsis,officinalis,Beachie Creek,D4,1,7/21/2021,8/17/2021,8/19/2021,2,6,6
1105,Fomitopsis,officinalis,Sleeping Beauty Trail,D3,1,7/21/2021,8/26/2021,9/2/2021,2,6,6
1116,Fomitopsis,officinalis,VIII (8)- #67318,D3,2,7/21/2021,8/24/2021,8/27/2021,2,6,6
1076,Fomitopsis,officinalis,Beachie Creek,D4,1,7/21/2021,8/17/2021,1/14/2022,1,4,4
1146,Fomitopsis,officinalis,XXV (25)- #75,D3,2,7/22/2021,8/26/2021,9/2/2021,2,6,6
1138,Fomitopsis,officinalis,XVI (16)- Boulder Creek,D3,2,7/22/2021,8/24/2021,8/27/2021,2,6,6
1148,Fomitopsis,officinalis,XXVII (27)- Ellinor Lake,D4,2,7/22/2021,8/23/2021,8/26/2021,2,6,6
1150,Fomitopsis,officinalis,XXX (30)- Humboldt Willow Creek,D4,2,7/22/2021,8/18/2021,8/20/2021,2,6,6
1127,Fomitopsis,officinalis,XL (40) - Goldmeyer Hot Springs,D2,2,7/22/2021,9/2/2021,9/13/2021,2,6,6
1128,Fomitopsis,officinalis,XLI (41) - Powell River,D4,2,7/22/2021,8/23/2021,8/26/2021,2,6,6
1099,Fomitopsis,officinalis,Raging River,D5,2,7/22/2021,8/18/2021,8/20/2021,2,6,6
1101,Fomitopsis,officinalis,Rock Candy Mtn,D3,5,7/22/2021,8/24/2021,8/27/2021,2,6,6
1082,Fomitopsis,officinalis,Duckabush,D5,2,7/22/2021,8/18/2021,8/20/2021,2,6,6
1101,Fomitopsis,officinalis,Rock Candy Mtn,D3,5,7/22/2021,8/24/2021,1/14/2022,1,4,4
1111,Fomitopsis,officinalis,V (5) - Cortes,D3,3,8/10/2021,9/2/2021,9/13/2021,2,6,6
1137,Fomitopsis,officinalis,XV (15)- Ellinor,D3,2,8/10/2021,9/2/2021,9/13/2021,2,6,6
1083,Fomitopsis,officinalis,East Tyrol,D3,3,8/10/2021,8/26/2021,9/2/2021,2,6,6
1058,Flammulina,populicola,NC,D2,15,9/3/2021,9/21/2021,9/24/2021,2,6,6
1042,Cordyceps,militaris,Cordyzilla,D2,4,9/14/2021,10/7/2021,10/11/2021,2,6,6
1064,Fomes,fomentarius,France,D2,2,9/14/2021,10/4/2021,10/7/2021,2,6,6
1040,Coprinopsis,nivea,I,D1,4,9/14/2021,10/14/2021,10/15/2021,2,6,6
1163,Fomitopsis,pinicola,I,D2,3,9/14/2021,10/7/2021,10/11/2021,2,6,6
1162,Fomitopsis,pinicola,Hoh,D1,2,9/14/2021,10/14/2021,10/15/2021,2,6,6
1164,Fomitopsis,pinicola,Tatoosh,D2,2,9/14/2021,10/4/2021,10/7/2021,2,6,6
1070,Fomitiporia,robusta,I,D2,2,9/16/2021,10/4/2021,10/7/2021,2,6,6
1071,Rhodofomes,cajanderi,I,D2,3,9/16/2021,10/7/2021,10/11/2021,2,6,6
1072,Fomitopsis,ochracea,Salt Spring Island BC,D1,2,9/16/2021,10/14/2021,10/15/2021,2,6,6
1217,Hericium,abietis,I,C8,15,9/30/2021,11/1/2021,11/3/2021,2,6,6
1188,Ganoderma,oregonense,IV-Elwha,D1,5,10/8/2021,10/21/2021,10/25/2021,2,6,6
1195,Ganoderma,polychromum,Olympia Madison,D1,3,10/8/2021,10/21/2021,10/25/2021,2,6,6
1183,Ganoderma,oregonense,Cortes Carrington,D1,3,10/8/2021,10/21/2021,10/25/2021,2,6,6
1182,Ganoderma,neojaponicum,13102,D1,11,10/8/2021,10/22/2021,10/25/2021,2,6,6
1194,Ganoderma,polychromum,Olympia,D1,2,10/8/2021,10/22/2021,10/25/2021,2,6,6
1168,Ganoderma,applanatum,I- Mason County Staircase,C8,3,10/8/2021,10/25/2021,10/29/2021,2,6,3
1184,Ganoderma,oregonense,Depoe Bay,D1,3,10/8/2021,10/22/2021,10/25/2021,2,6,6
1168,Ganoderma,applanatum,I- Mason County Staircase,C8,3,10/8/2021,10/25/2021,11/2/2021,8,0,0
1191,Ganoderma,oregonense,Skok,C8,2,10/12/2021,11/1/2021,11/3/2021,2,6,6
1172,Ganoderma,applanatum,U. of Virginia,C8,3,10/12/2021,10/26/2021,10/29/2021,2,6,6
1185,Ganoderma,oregonense,Evergreen,C8,2,10/12/2021,10/25/2021,10/29/2021,2,6,6
1189,Ganoderma,oregonense,Marys Pt Cortes Island,C8,2,10/12/2021,10/26/2021,10/29/2021,2,6,6
1187,Ganoderma,oregonense,III-Elwha,C8,2,10/12/2021,10/25/2021,10/29/2021,2,6,6
1166,Polyporus,annulatus,I,C8,3,10/12/2021,10/26/2021,10/29/2021,2,6,6
1193,Ganoderma,oregonense,V-Elwha,C7,3,10/21/2021,11/10/2021,11/15/2021,2,6,6
1170,Ganoderma,applanatum,III-Garfield,C8,4,10/21/2021,11/1/2021,11/3/2021,2,6,6
1015,Agaricus,lilaceps,I,C6,13,10/21/2021,11/16/2021,11/18/2021,2,6,6
1199,Grifola,frondosa,21g,C7,4,10/26/2021,11/15/2021,11/17/2021,2,6,6
1204,Grifola,frondosa,Georgia,C7,2,10/26/2021,11/15/2021,11/17/2021,2,6,6
1210,Grifola,frondosa,Walden I,C7,4,10/26/2021,11/15/2021,11/17/2021,2,6,6
1211,Grifola,frondosa,Walden II,C7,3,10/26/2021,11/10/2021,11/15/2021,2,6,6
1212,Grifola,frondosa,WV,C7,3,10/26/2021,11/10/2021,11/15/2021,2,6,6
1208,Grifola,frondosa,Mass.,C6,2,10/28/2021,11/16/2021,11/18/2021,2,6,6
1205,Grifola,frondosa,GF/PA/HL,C6,3,10/28/2021,11/16/2021,11/18/2021,2,6,6
1200,Grifola,frondosa,Arora,C7,4,10/28/2021,11/16/2021,11/17/2021,2,6,6
1203,Grifola,frondosa,Franklin Maitake,C7,2,10/28/2021,11/16/2021,11/17/2021,2,6,6
1202,Grifola,frondosa,Concord Mass.,C7,3,10/28/2021,11/16/2021,11/17/2021,2,6,6
1077,Fomitopsis,officinalis,Boulder Creek II,C6,1,11/16/2021,12/9/2021,12/10/2021,2,6,6
1096,Fomitopsis,officinalis,Mt Ellinor Lower Trail Head,C6,1,11/16/2021,12/9/2021,12/10/2021,2,6,6
1218,Hericium,abietis,Mt Ellinor,C5,1,11/16/2021,12/20/2021,1/3/2022,2,6,6
1167,Ganoderma,applanatum,God's Thumb,C6,1,11/16/2021,12/1/2021,12/9/2021,2,6,6
1427,Psathyrella,ammophila,Grayland Beach,C5,1,11/16/2021,1/3/2022,1/12/2022,2,6,6
1278,Laetiporus,conifericola,Depoe Bay,C6,3,11/16/2021,12/9/2021,12/10/2021,2,6,6
1196,Ganoderma,tsugae,76542,C6,21,11/16/2021,12/1/2021,12/9/2021,2,6,6
1077,Fomitopsis,officinalis,Boulder Creek II,C6,1,11/16/2021,12/9/2021,1/14/2022,1,4,3
1229,Hericium,erinaceus,V- White House (WH),C4,2,12/2/2021,1/13/2022,1/14/2022,2,6,6
1226,Hericium,erinaceus,IV- NY Ave DC,C5,2,12/2/2021,1/12/2022,1/14/2022,2,6,6
1221,Hericium,coralloides,HE/MD I,C5,7,12/2/2021,1/12/2022,1/14/2022,2,6,6
1220,Hericium,abietis,Vanson Ridge,C5,1,12/2/2021,1/3/2022,1/12/2022,2,6,6
1442,Sparassis,radicata,Boulder Creek,C5,1,12/2/2021,1/12/2022,1/14/2022,2,6,6
1168,Ganoderma,applanatum,I- Mason County Staircase,C5,3,12/2/2021,12/20/2021,1/3/2022,2,6,6
1231,Hericium,erinaceus,VII- Priest Point,C4,2,12/2/2021,1/13/2022,1/20/2022,2,6,6
1227,Hericium,erinaceus,IX- Maddocks,C5,2,12/2/2021,1/13/2022,1/14/2022,2,6,6
1216,Hericium,abietis,Big Mosquito Lake,C5,1,12/2/2021,1/3/2022,1/12/2022,2,6,6
1233,Heterobasidion,annosum,Dosewallips,C4,2,12/2/2021,1/3/2022,1/14/2022,2,6,6
1234,Heterobasidion,annosum,I,C6,2,12/2/2021,12/20/2021,1/3/2022,2,6,6
1215,Gymnopilus,sp,Mass,C2,2,1/21/2022,3/2/2022,3/7/2022,2,6,6
1269,Inonotus,obliquus,II Q,C3,6,1/21/2022,2/9/2022,2/17/2022,2,6,6
1239,Hypholoma,capnoides,Georgia Pacific,C2,2,1/21/2022,3/2/2022,3/7/2022,2,6,6
1240,Hypholoma,capnoides,Graves Creek,C4,2,1/21/2022,2/8/2022,2/10/2022,2,6,6
1236,Hypholoma,capnoides,Cortes,C2,5,1/21/2022,3/3/2022,3/7/2022,2,6,6
1245,Hypholoma,capnoides,Sol Duc,C4,12,1/21/2022,2/7/2022,2/9/2022,2,6,6
1244,Hypholoma,capnoides,IV- kpt.,C2,7,1/21/2022,3/2/2022,3/7/2022,2,6,6
1243,Hypholoma,capnoides,III- Kamilche,C4,16,1/21/2022,2/7/2022,2/9/2022,2,6,6
1242,Hypholoma,capnoides,II- Oregon,C4,8,1/21/2022,2/7/2022,2/9/2022,2,6,6
1241,Hypholoma,capnoides,I- Wash,C4,16,1/21/2022,2/8/2022,2/10/2022,2,6,6
1250,Hypsizygus,marmoreus,#kvcm540,C3,11,1/28/2022,2/9/2022,2/17/2022,2,6,6
1249,Hypsizygus,marmoreus,#81 Omon,C3,13,1/28/2022,2/9/2022,2/17/2022,2,6,6
1406,Pleurotus,columbinus,#Fujian,C4,3,1/28/2022,2/8/2022,2/10/2022,2,6,6
1256,Hypsizygus,tessulatus,HTU,C3,18,1/28/2022,2/16/2022,2/18/2022,2,6,6
1253,Hypsizygus,tessulatus,#180892,C3,3,1/28/2022,2/16/2022,2/18/2022,2,6,6
1254,Hypsizygus,tessulatus,#187883,C3,4,1/31/2022,2/16/2022,2/18/2022,2,6,6
1255,Hypsizygus,tessulatus,#190991,C2,6,1/31/2022,2/21/2022,2/25/2022,2,6,6
1257,Hypsizygus,tessulatus,TELL-2011-I,C2,2,1/31/2022,2/21/2022,2/25/2022,2,6,6
1392,Pleurotus,ostreatus,I - #189249,C3,3,1/31/2022,2/17/2022,2/21/2022,2,6,6
1263,Hypsizygus,ulmarius,F2950,C1,10,1/31/2022,3/4/2022,3/7/2022,2,6,6
1259,Hypsizygus,ulmarius,#16138,C2,3,1/31/2022,3/3/2022,3/7/2022,2,6,6
1260,Hypsizygus,ulmarius,#48725,C2,10,1/31/2022,3/3/2022,3/7/2022,2,6,6
1261,Hypsizygus,ulmarius,#198518,C3,9,1/31/2022,2/17/2022,2/21/2022,2,6,6
1251,Hypsizygus,sp,UT #3364,C3,8,1/31/2022,2/17/2022,2/21/2022,2,6,6
1414,Pleurotus,sp,UT #8167,C2,4,1/31/2022,2/21/2022,2/25/2022,2,6,6
1258,Hypsizygus,tessulatus,TELL-2011-II,C1,3,2/3/2022,3/7/2022,3/11/2022,2,6,6
1269,Inonotus,obliquus,II Q,C1,5,2/3/2022,3/4/2022,3/7/2022,2,6,6
1270,Inonotus,obliquus,III Cambridge,C1,3,2/3/2022,3/7/2022,3/11/2022,2,6,6
1272,Inonotus,obliquus,Mass - Bernat,C1,3,2/3/2022,3/7/2022,3/11/2022,2,6,6
1271,Inonotus,obliquus,Mass IV,C1,4,2/3/2022,3/4/2022,3/7/2022,2,6,6
1213,Gymnopilus,luteofolius,I,B8,15,3/3/2022,3/28/2022,3/30/2022,2,6,6
1266,Pseudoinonotus,dryadeus,I,B8,2,3/3/2022,3/28/2022,3/30/2022,2,6,6
1267,Inocutis,dryophila,I,C1,2,3/3/2022,3/22/2022,3/24/2022,2,6,6
1276,Irpex,lacteus,FPCD,C1,6,3/3/2022,3/22/2022,3/24/2022,2,6,6
1275,Irpex,lacteus,FO 9,C1,2,3/3/2022,3/22/2022,3/24/2022,2,6,6
1285,Laetiporus,sulphureus,Mass PS,B8,3,3/8/2022,3/30/2022,3/31/2022,2,6,6
1277,Laetiporus,conifericola,Complete PS,B8,4,3/8/2022,3/30/2022,3/31/2022,2,6,6
1279,Laetiporus,conifericola,Toad,B8,2,3/8/2022,3/30/2022,3/31/2022,2,6,6
1281,Laetiporus,montanus,JC,B8,2,3/8/2022,3/30/2022,4/5/2022,2,6,6
1282,Laetiporus,sulphureus,I,B8,18,3/8/2022,3/30/2022,4/5/2022,2,6,6
1284,Laetiporus,sulphureus,Mass,B7,2,3/8/2022,3/31/2022,4/5/2022,2,6,6
1288,Omphalotus,guepiniiformis,I,B8,5,3/8/2022,3/30/2022,4/5/2022,2,6,6
1280,Laetiporus,conifericola,FPCD,B6,18,3/9/2022,4/6/2022,4/8/2022,2,6,6
1287,Laetiporus,sulphureus,PS Polyporus,B7,22,3/9/2022,4/5/2022,4/8/2022,2,6,6
1286,Laetiporus,sulphureus,Plum Tree Oly,B7,2,3/9/2022,3/31/2022,4/5/2022,2,6,6
1311,Lentinula,edodes,WG,B7,23,3/9/2022,4/6/2022,4/8/2022,2,6,6
1309,Lentinula,edodes,W4,B7,5,3/9/2022,4/6/2022,4/8/2022,2,6,5
1307,Lentinula,edodes,U8,B8,20,3/9/2022,3/28/2022,3/30/2022,2,6,6
1289,Lentinula,edodes,336 Krcm Omon,B7,13,3/9/2022,4/5/2022,4/8/2022,2,6,6
1304,Lentinula,edodes,SH 1321 #2,B7,11,3/9/2022,4/5/2022,4/8/2022,2,6,6
1294,Lentinula,edodes,CW krcm 221,B7,10,3/9/2022,3/31/2022,4/5/2022,2,6,6
1300,Lentinula,edodes,MSNP,B7,7,3/9/2022,4/6/2022,4/8/2022,2,6,6
1295,Lentinula,edodes,Franklin #3120,B6,2,3/10/2022,4/6/2022,4/8/2022,2,6,6
1310,Lentinula,edodes,WC 376,B6,10,3/10/2022,4/7/2022,4/22/2022,2,6,6
1312,Lentinula,edodes,WW krcm 324,B6,15,3/10/2022,4/22/2022,4/29/2022,2,6,6
1291,Lentinula,edodes,Chocolove,B6,3,3/10/2022,4/7/2022,4/22/2022,2,6,6
1301,Lentinula,edodes,Night Velvet,B6,3,3/10/2022,4/7/2022,4/22/2022,2,6,6
1298,Lentinula,edodes,Miss Happiness,B6,3,3/10/2022,4/6/2022,4/8/2022,2,6,6
1322,Macrolepiota,procera,I-J297,B6,10,3/10/2022,4/22/2022,4/29/2022,2,6,6
1323,Macrolepiota,procera,II-J297 Kamilche,B6,9,3/10/2022,4/22/2022,4/29/2022,2,6,6
1328,Marasmiellus,sp,Tatoosh,B5,3,9/15/2022,9/26/2022,9/28/2022,2,6,6
1319,Leratiomyces,ceres,I,B5,3,9/15/2022,9/26/2022,9/28/2022,2,6,6
1113,Fomitopsis,officinalis,Vanson Ridge,B4,1,9/27/2022,10/24/2022,10/27/2022,2,6,6
1110,Fomitopsis,officinalis,Upper Alpine II,B3,1,9/27/2022,10/31/2022,11/3/2022,2,6,6
1081,Fomitopsis,officinalis,Cloverpatch,B3,1,9/27/2022,10/24/2022,10/27/2022,2,6,6
1161,Fomitopsis,officinalis,Yacolt Upper Cold Creek,B4,1,9/27/2022,10/17/2022,10/21/2022,2,6,6
1160,Fomitopsis,officinalis,Yacolt Sixth Sense,B3,1,9/27/2022,10/24/2022,10/27/2022,2,6,6
1078,Fomitopsis,officinalis,Camas Creek,B4,1,9/27/2022,10/17/2022,10/20/2022,2,6,6
1316,Lepista,nuda,I,B3,8,9/29/2022,11/2/2022,11/3/2022,2,6,6
1331,Morchella,angusticeps,Black Morel,B5,7,9/29/2022,10/12/2022,10/14/2022,2,6,6
1333,Morchella,angusticeps,M28-Skokomish,B5,8,9/29/2022,10/10/2022,10/14/2022,2,6,6
1403,Pleurotus,ostreatus,SA,B5,7,9/29/2022,10/12/2022,10/14/2022,2,6,6
1390,Pleurotus,ostreatus,Hoh,B2,11,9/29/2022,11/2/2022,11/3/2022,2,6,6
1380,Pleurotus,nebrodensis,Hunan #2,B4,2,9/29/2022,10/17/2022,10/21/2022,2,6,6
1389,Pleurotus,ostreatus,Gulf,B4,5,9/30/2022,10/17/2022,10/20/2022,2,6,6
1381,Pleurotus,ostreatus,Agate,B2,2,9/30/2022,11/2/2022,11/16/2022,2,6,6
1378,Pleurotus,nebrodensis,Baltimore,B5,2,9/30/2022,10/12/2022,10/14/2022,2,6,6
1377,Pleurotus,nebrodensis,# 1023,B4,2,9/30/2022,10/20/2022,10/21/2022,2,6,6
1350,Tropicoporus,linteus,III B,B4,4,9/30/2022,10/17/2022,10/21/2022,2,6,6
1391,Pleurotus,ostreatus,Hope Island,B4,2,9/30/2022,10/20/2022,10/21/2022,2,6,6
1396,Pleurotus,ostreatus,Macah Tatoosh,B3,2,9/30/2022,11/2/2022,11/3/2022,2,6,6
1363,Fomitopsis,betulina,Norway,B2,2,9/30/2022,11/1/2022,11/3/2022,2,6,6
1362,Fomitopsis,betulina,Mass,B3,2,9/30/2022,11/1/2022,11/3/2022,2,6,6
1424,Polyporus,umbellatus,I,B5,7,9/30/2022,10/10/2022,10/14/2022,2,6,6
1456,Trametes,versicolor,Breitenbush,B5,2,9/30/2022,10/10/2022,10/14/2022,2,6,6
1092,Fomitopsis,officinalis,Lake Limerick,B3,1,9/30/2022,10/31/2022,11/3/2022,2,6,6
1344,Sarcomyxa,serotina,I,B4,14,9/30/2022,10/20/2022,10/21/2022,2,6,6
1398,Pleurotus,ostreatus,Nisqually II,B2,2,9/30/2022,11/2/2022,11/16/2022,2,6,6
1393,Pleurotus,ostreatus,Kamilche - I,B5,3,9/30/2022,10/17/2022,10/20/2022,2,6,6
1022,Auricularia,nigricans,Hunan,B3,17,10/10/2022,11/1/2022,11/3/2022,2,6,6
1370,Pleurotus,djamor,I,B2,13,10/10/2022,11/9/2022,11/17/2022,2,6,6
1053,Cyathus,striatus,Burri Park,B3,1,10/10/2022,10/31/2022,11/3/2022,2,6,6
1008,Agaricus,brasiliensis,Hunan,B2,5,10/17/2022,11/9/2022,11/17/2022,2,6,6
1411,Pleurotus,pulmonarius,Pine Oyster,B2,3,10/31/2022,11/17/2022,11/28/2022,2,6,6
1361,Fomitopsis,betulina,Kirpala,B1,2,10/31/2022,11/28/2022,12/2/2022,2,6,6
1434,Rigidoporus,ulmarius,#439,B2,6,11/1/2022,11/17/2022,11/28/2022,2,6,6
1349,Tropicoporus,linteus,II A,B1,4,11/1/2022,12/2/2022,12/7/2022,2,6,6
1422,Polyporus,umbellatus,#60546,B1,3,11/1/2022,11/28/2022,12/2/2022,2,6,6
1400,Pleurotus,ostreatus,Oxbow,B1,17,11/1/2022,12/2/2022,12/7/2022,2,6,6
1317,Lepista,nuda,II-Kamilche,B1,16,11/1/2022,11/28/2022,12/2/2022,2,6,6
1003,Agaricus,bitorquis,Euro II,A8,27,11/2/2022,1/10/2023,1/12/2023,2,6,6
1443,Stropharia,ambigua,FP,B1,2,11/2/2022,11/28/2022,12/2/2022,2,6,6
1362,Fomitopsis,betulina,Mass,A8,2,11/2/2022,12/12/2022,12/15/2022,2,6,6
1379,Pleurotus,nebrodensis,Fujian,B1,2,11/2/2022,11/28/2022,12/2/2022,2,6,6
1376,Pleurotus,nebrodensis,# 1019,B1,2,11/2/2022,12/2/2022,12/7/2022,2,6,6
1444,Stropharia,ambigua,I,B1,5,11/2/2022,11/28/2022,12/2/2022,2,6,6
1087,Fomitopsis,officinalis,High Rock,A8,1,11/17/2022,12/12/2022,12/15/2022,2,6,6
1449,Stropharia,rugosoannulata,III,A8,2,11/17/2022,12/15/2022,1/12/2023,2,6,6
1445,Stropharia,ambigua,II,A8,2,11/17/2022,12/15/2022,1/12/2023,2,6,6
1448,Stropharia,rugosoannulata,II,A8,5,11/18/2022,12/15/2022,1/12/2023,2,6,6
1447,Stropharia,rugosoannulata,I,A8,12,11/18/2022,12/12/2022,12/15/2022,2,6,6
1420,Polyporus,umbellatus,#2797,A7,3,12/12/2022,1/12/2023,1/17/2023,2,6,6
1418,Polyporus,tuberaster,PPTA,A8,13,12/12/2022,1/10/2023,1/12/2023,2,6,6
1432,Deconica,coprophila,I,A7,2,12/12/2022,1/12/2023,1/17/2023,2,6,6
1451,Taiwanofungus,camphoratus,I,A7,3,12/12/2022,1/12/2023,1/17/2023,2,6,6
1352,Phlebia,radiata,FO 121,A7,2,1/6/2023,1/17/2023,1/23/2023,2,6,6
1360,Fomitopsis,betulina,Ithaca,A7,2,1/6/2023,1/17/2023,1/23/2023,2,6,6
1359,Fomitopsis,betulina,I,A6,8,1/6/2023,1/24/2023,1/27/2023,2,6,6
1332,Morchella,angusticeps,M11,A6,5,1/6/2023,1/20/2023,1/24/2023,2,6,6
1466,Trametes,versicolor,SGF NY,A6,2,1/6/2023,1/20/2023,1/24/2023,2,6,6
1336,Morchella,esculenta,M27,A7,6,1/6/2023,1/16/2023,1/20/2023,2,6,6
1338,Morchella,sp,Lab - Kamilche,A7,2,1/6/2023,1/16/2023,1/20/2023,2,6,6
1462,Trametes,versicolor,Makah Tatoosh,A7,2,1/6/2023,1/16/2023,1/20/2023,2,6,6
1452,Tolypocladium,inflatum,LH A,A7,3,1/6/2023,1/17/2023,1/23/2023,2,6,6
1453,Tolypocladium,inflatum,LH B,A6,3,1/6/2023,1/20/2023,1/24/2023,2,6,6
1454,Trametes,elegans,I,A6,2,1/6/2023,1/23/2023,1/24/2023,2,6,6
1455,Trametes,elegans,SGF NY,A6,2,1/6/2023,1/23/2023,1/24/2023,2,6,6
1457,Trametes,versicolor,Ft. Stevens,A6,2,1/6/2023,1/23/2023,1/24/2023,2,6,6
1461,Trametes,versicolor,Kamilche Trail,A6,5,1/6/2023,1/24/2023,1/27/2023,2,6,6
1353,Pholiota,adiposa,#38781,A5,3,1/9/2023,1/31/2023,2/14/2023,2,6,6
1399,Pleurotus,ostreatus,OST R1,A6,14,1/9/2023,1/24/2023,1/27/2023,2,6,6
1356,Pholiota,sp,Georgia Pacific F.B. 5,A5,2,1/9/2023,1/31/2023,2/14/2023,2,6,6
1355,Pholiota,sp,Georgia Pacific F.B. 4,A5,2,1/12/2023,2/14/2023,2/17/2023,2,6,6
1386,Pleurotus,ostreatus,Cortes Gunflint,A5,2,1/12/2023,1/31/2023,2/14/2023,2,6,6
1320,Lyophyllum,decastes,Georgia Pacific,A5,3,1/12/2023,2/14/2023,2/17/2023,2,6,6
1351,Phellinus,robiniae,I,A5,2,1/25/2023,2/14/2023,2/17/2023,2,6,6
1341,Mycenaceae,sp,I,A4,2,1/25/2023,2/22/2023,2/28/2023,2,6,6
1357,Pholiota,sp,Tatoosh Makah,A5,2,1/25/2023,2/15/2023,2/20/2023,2,6,6
1448,Stropharia,rugosoannulata,II,A5,5,1/25/2023,2/15/2023,2/20/2023,2,6,6
1438,Sparassis,crispa,II Europe,A3,20,1/25/2023,2/28/2023,3/2/2023,2,6,NA
1429,Psathyrella,aquatica,C2,A4,4,1/25/2023,2/22/2023,2/28/2023,2,6,6
1450,Stropharia,rugosoannulata,K08,A5,2,1/25/2023,2/15/2023,2/20/2023,2,6,6
1372,Pleurotus,dryinus,SPCC,A3,3,1/25/2023,2/28/2023,3/2/2023,2,6,5
1224,Hericium,erinaceus,II,A1,5,1/27/2023,2/20/2023,3/14/2023,25,0,0
1224,Hericium,erinaceus,II,A1,5,1/27/2023,2/20/2023,3/14/2023,25,0,0
1318,Lepista,sp,Sno,A4,5,1/31/2023,2/22/2023,2/28/2023,2,6,6
1394,Pleurotus,ostreatus,Kamilche - II,A4,3,1/31/2023,2/24/2023,3/1/2023,2,6,6
1343,Omphalotus,olearius,I,A4,5,1/31/2023,2/24/2023,3/1/2023,2,6,6
1395,Pleurotus,ostreatus,Lake Cushman,A4,2,1/31/2023,2/28/2023,3/1/2023,2,6,6
1388,Pleurotus,ostreatus,Garfield,A3,4,1/31/2023,3/8/2023,3/10/2023,2,6,6
1382,Pleurotus,ostreatus,Carrington,A4,5,1/31/2023,2/28/2023,3/1/2023,2,6,6
1117,Fomitopsis,officinalis,Windy Pass I,A4,1,1/31/2023,2/28/2023,3/1/2023,2,6,6
1118,Fomitopsis,officinalis,Windy Pass II,A4,1,1/31/2023,2/24/2023,3/1/2023,2,6,6
1119,Fomitopsis,officinalis,Windy Pass III,A3,1,2/2/2023,3/8/2023,3/10/2023,2,6,NA
1120,Fomitopsis,officinalis,Windy Pass IV,A3,1,2/2/2023,2/28/2023,3/2/2023,2,6,5
1326,Chlorophyllum,rhacodes,II Kamilche,A3,18,2/2/2023,3/8/2023,3/10/2023,2,6,NA
